<diffgr:diffgram xmlns:msdata="urn:schemas-microsoft-com:xml-msdata" xmlns:diffgr="urn:schemas-microsoft-com:xml-diffgram-v1">
  <DSHISTORY>
    <D_History diffgr:id="D_History1" msdata:rowOrder="0" diffgr:hasChanges="inserted">
      <iID>1</iID>
      <iProjectdataID>1</iProjectdataID>
      <szComment />
      <iEditor>0</iEditor>
      <dtUpdateDate>2026-01-23T14:14:25.2607229+09:00</dtUpdateDate>
      <dtFileTimeStamp>2026-01-23T14:14:25.2607229+09:00</dtFileTimeStamp>
      <dtFileUpdateDate>2026-01-23T14:14:25.2607229+09:00</dtFileUpdateDate>
      <iFileSize>58</iFileSize>
      <szMD5val>crrY1ACqIF9EnGhKK5m8ag==</szMD5val>
      <szProjectdataName>Blank Project.prj</szProjectdataName>
    </D_History>
    <D_History diffgr:id="D_History2" msdata:rowOrder="1" diffgr:hasChanges="inserted">
      <iID>2</iID>
      <iProjectdataID>2</iProjectdataID>
      <szComment />
      <iEditor>0</iEditor>
      <dtUpdateDate>2026-01-23T14:14:25.3083354+09:00</dtUpdateDate>
      <dtFileTimeStamp>2026-01-23T14:14:25.3083354+09:00</dtFileTimeStamp>
      <dtFileUpdateDate>2026-01-23T14:14:25.3083354+09:00</dtFileUpdateDate>
      <iFileSize>36</iFileSize>
      <szMD5val>Z74GmOxhMk69H8pJIWWhug==</szMD5val>
      <szProjectdataName>PrjStatus.flg</szProjectdataName>
    </D_History>
    <D_History diffgr:id="D_History3" msdata:rowOrder="2" diffgr:hasChanges="inserted">
      <iID>3</iID>
      <iProjectdataID>3</iProjectdataID>
      <szComment />
      <iEditor>0</iEditor>
      <dtUpdateDate>2026-01-23T14:14:25.3244633+09:00</dtUpdateDate>
      <dtFileTimeStamp>2026-01-23T14:14:25.3244633+09:00</dtFileTimeStamp>
      <dtFileUpdateDate>2026-01-23T14:14:25.3244633+09:00</dtFileUpdateDate>
      <iFileSize>8</iFileSize>
      <szMD5val>feo2Kz+sjgCVaklSo9T0dA==</szMD5val>
      <szProjectdataName>FuncSecurityLevel.fsl</szProjectdataName>
    </D_History>
    <D_History diffgr:id="D_History4" msdata:rowOrder="3" diffgr:hasChanges="inserted">
      <iID>4</iID>
      <iProjectdataID>4</iProjectdataID>
      <szComment />
      <iEditor>0</iEditor>
      <dtFileTimeStamp>2026-01-23T14:14:25.4037031+09:00</dtFileTimeStamp>
      <szMD5val />
      <szProjectdataName>Project.gt32</szProjectdataName>
    </D_History>
    <D_History diffgr:id="D_History5" msdata:rowOrder="4" diffgr:hasChanges="inserted">
      <iID>5</iID>
      <iProjectdataID>5</iProjectdataID>
      <szComment />
      <iEditor>0</iEditor>
      <dtUpdateDate>2026-02-03T09:12:04.395306+09:00</dtUpdateDate>
      <dtFileTimeStamp>2026-01-23T14:14:25.41968+09:00</dtFileTimeStamp>
      <dtFileUpdateDate>2026-02-03T09:12:04.395306+09:00</dtFileUpdateDate>
      <iFileSize>467478</iFileSize>
      <szMD5val>XkjNSbTPy0P32eLRi3wWzg==</szMD5val>
      <szProjectdataName>GTXFILE</szProjectdataName>
    </D_History>
    <D_History diffgr:id="D_History6" msdata:rowOrder="5" diffgr:hasChanges="inserted">
      <iID>6</iID>
      <iProjectdataID>6</iProjectdataID>
      <szComment />
      <iEditor>0</iEditor>
      <dtUpdateDate>2026-02-03T09:12:04.4433278+09:00</dtUpdateDate>
      <dtFileTimeStamp>2026-01-23T14:14:25.4824325+09:00</dtFileTimeStamp>
      <dtFileUpdateDate>2026-02-03T09:12:04.4433278+09:00</dtFileUpdateDate>
      <iFileSize>60</iFileSize>
      <szMD5val>Xf73gE/9M81ns37J2WaZHg==</szMD5val>
      <szProjectdataName>DATAPROFILE</szProjectdataName>
    </D_History>
    <D_DBVersion diffgr:id="D_DBVersion22" msdata:rowOrder="0" diffgr:hasChanges="inserted">
      <iSupportVersion>1</iSupportVersion>
      <iCreateVersion>1</iCreateVersion>
    </D_DBVersion>
  </DSHISTORY>
</diffgr:diffgram>