<diffgr:diffgram xmlns:msdata="urn:schemas-microsoft-com:xml-msdata" xmlns:diffgr="urn:schemas-microsoft-com:xml-diffgram-v1">
  <DSPROJECT>
    <D_Project diffgr:id="D_Project1" msdata:rowOrder="0" diffgr:hasChanges="inserted">
      <iID>1</iID>
      <szName>Blank Project</szName>
      <dtCreateDate>2026-01-23T14:14:24.8488461+09:00</dtCreateDate>
      <iProjectAttributeID>12</iProjectAttributeID>
      <bUserManage>false</bUserManage>
    </D_Project>
    <D_Project diffgr:id="D_Project2" msdata:rowOrder="1" diffgr:hasChanges="inserted">
      <iID>2</iID>
      <szName>Test Project (Button, Lamp)</szName>
      <dtCreateDate>2026-01-23T15:23:17.412169+09:00</dtCreateDate>
      <iProjectAttributeID>12</iProjectAttributeID>
      <bUserManage>false</bUserManage>
    </D_Project>
    <D_Project diffgr:id="D_Project3" msdata:rowOrder="2" diffgr:hasChanges="inserted">
      <iID>3</iID>
      <szName>HMI 연습 문제 1</szName>
      <dtCreateDate>2026-01-23T16:27:35.2882012+09:00</dtCreateDate>
      <iProjectAttributeID>12</iProjectAttributeID>
      <bUserManage>false</bUserManage>
    </D_Project>
    <D_Project diffgr:id="D_Project4" msdata:rowOrder="3" diffgr:hasChanges="inserted">
      <iID>4</iID>
      <szName>HMI 연습 문제 2</szName>
      <dtCreateDate>2026-01-26T10:04:40.0181359+09:00</dtCreateDate>
      <iProjectAttributeID>12</iProjectAttributeID>
      <bUserManage>false</bUserManage>
    </D_Project>
    <D_Project diffgr:id="D_Project5" msdata:rowOrder="4" diffgr:hasChanges="inserted">
      <iID>5</iID>
      <szName>PLC를 이용한 화면 전환</szName>
      <dtCreateDate>2026-01-26T11:47:51.3624948+09:00</dtCreateDate>
      <iProjectAttributeID>12</iProjectAttributeID>
      <bUserManage>false</bUserManage>
    </D_Project>
    <D_Project diffgr:id="D_Project6" msdata:rowOrder="5" diffgr:hasChanges="inserted">
      <iID>6</iID>
      <szName>HMI 연습 문제 3</szName>
      <dtCreateDate>2026-01-26T14:31:11.9501712+09:00</dtCreateDate>
      <iProjectAttributeID>12</iProjectAttributeID>
      <bUserManage>false</bUserManage>
    </D_Project>
    <D_Project diffgr:id="D_Project7" msdata:rowOrder="6" diffgr:hasChanges="inserted">
      <iID>7</iID>
      <szName>HMI PLC 연습 문제</szName>
      <dtCreateDate>2026-01-26T16:52:11.8380259+09:00</dtCreateDate>
      <iProjectAttributeID>12</iProjectAttributeID>
      <bUserManage>false</bUserManage>
    </D_Project>
    <D_Project diffgr:id="D_Project8" msdata:rowOrder="7" diffgr:hasChanges="inserted">
      <iID>8</iID>
      <szName>JOG 기동 (HMI 작화)</szName>
      <dtCreateDate>2026-01-28T09:15:43.5478884+09:00</dtCreateDate>
      <iProjectAttributeID>12</iProjectAttributeID>
      <bUserManage>false</bUserManage>
    </D_Project>
    <D_Project diffgr:id="D_Project9" msdata:rowOrder="8" diffgr:hasChanges="inserted">
      <iID>9</iID>
      <szName>PLC-Servo 실습 과제 1</szName>
      <dtCreateDate>2026-01-30T12:56:55.5790701+09:00</dtCreateDate>
      <iProjectAttributeID>12</iProjectAttributeID>
      <bUserManage>false</bUserManage>
    </D_Project>
    <D_Project diffgr:id="D_Project10" msdata:rowOrder="9" diffgr:hasChanges="inserted">
      <iID>10</iID>
      <szName>PLC-Servo 실습 과제 2</szName>
      <dtCreateDate>2026-01-30T12:59:56.6597222+09:00</dtCreateDate>
      <iProjectAttributeID>12</iProjectAttributeID>
      <bUserManage>false</bUserManage>
    </D_Project>
    <D_Project diffgr:id="D_Project11" msdata:rowOrder="10" diffgr:hasChanges="inserted">
      <iID>11</iID>
      <szName>서보 모터 티칭</szName>
      <dtCreateDate>2026-02-02T11:41:11.464769+09:00</dtCreateDate>
      <iProjectAttributeID>12</iProjectAttributeID>
      <bUserManage>false</bUserManage>
    </D_Project>
    <D_Project diffgr:id="D_Project12" msdata:rowOrder="11" diffgr:hasChanges="inserted">
      <iID>12</iID>
      <szName>Teach 실습 예제</szName>
      <dtCreateDate>2026-02-02T13:22:26.7412486+09:00</dtCreateDate>
      <iProjectAttributeID>12</iProjectAttributeID>
      <bUserManage>false</bUserManage>
    </D_Project>
    <D_Project diffgr:id="D_Project13" msdata:rowOrder="12" diffgr:hasChanges="inserted">
      <iID>13</iID>
      <szName>PLC-Servo 실습 과제 3</szName>
      <dtCreateDate>2026-02-02T14:13:17.1674821+09:00</dtCreateDate>
      <iProjectAttributeID>12</iProjectAttributeID>
      <bUserManage>false</bUserManage>
    </D_Project>
    <D_Project diffgr:id="D_Project17" msdata:rowOrder="13" diffgr:hasChanges="inserted">
      <iID>14</iID>
      <szName>과정 평가 문항 2</szName>
      <dtCreateDate>2026-02-03T11:27:51.9866602+09:00</dtCreateDate>
      <iProjectAttributeID>12</iProjectAttributeID>
      <bUserManage>false</bUserManage>
    </D_Project>
    <D_DBVersion diffgr:id="D_DBVersion2" msdata:rowOrder="0" diffgr:hasChanges="inserted">
      <iSupportVersion>1</iSupportVersion>
      <iCreateVersion>1</iCreateVersion>
    </D_DBVersion>
  </DSPROJECT>
</diffgr:diffgram>